{"SNR_weight/train": -0.03864961117506027, "SNR_weight/val": -0.04822540283203125, "_runtime": 3458.56329202652, "_step": 241, "_timestamp": 1757679533.887338, "delta_log_px/train": 0.0, "delta_log_px/val": 0, "epoch": 24, "eps_hat_lig_h/train": 0.7822595834732056, "eps_hat_lig_h/val": 0.7982856035232544, "eps_hat_lig_x/train": 0.5198724269866943, "eps_hat_lig_x/val": 0.5508301854133606, "error_t_lig/train": 0.11874119937419891, "error_t_lig/val": 33.72947311401367, "error_t_pocket/train": 0.0, "error_t_pocket/val": 0, "kl_prior/train": 0.0012682043015956879, "kl_prior/val": 0.0015960539458319545, "log_pN/train": -3.1228930950164795, "log_pN/val": -3.295189380645752, "loss/train": 0.06063880771398544, "loss/val": 29.02193069458008, "loss_0/train": 0.0, "loss_0/val": -253.7781982421875, "neg_log_const_0/train": -242.63182067871094, "neg_log_const_0/val": -285.11865234375, "trainer/global_step": 10499, "_wandb": {"runtime": 3607}}