{"SNR_weight/train": -0.05364575609564781, "SNR_weight/val": -0.0809803456068039, "_runtime": 6479.652724742889, "_step": 432, "_timestamp": 1757683041.7855847, "delta_log_px/train": 0.0, "delta_log_px/val": 0.0, "epoch": 44, "eps_hat_lig_h/train": 0.8063763380050659, "eps_hat_lig_h/val": 0.800923764705658, "eps_hat_lig_x/train": 0.4938562214374542, "eps_hat_lig_x/val": 0.5113183856010437, "error_t_lig/train": 0.13359737396240234, "error_t_lig/val": 35.73493957519531, "error_t_pocket/train": 0.0, "error_t_pocket/val": 0.0, "kl_prior/train": 0.0017718002200126648, "kl_prior/val": 0.0015960539458319545, "log_pN/train": -3.273080825805664, "log_pN/val": -3.295189380645752, "loss/train": 0.06857047975063324, "loss/val": 5.167065143585205, "loss_0/train": 0.0, "loss_0/val": -254.0321502685547, "neg_log_const_0/train": -296.14691162109375, "neg_log_const_0/val": -285.11865234375, "trainer/global_step": 18599, "kl_div_atom_types/val": 0.10706679801322237, "kl_div_residue_types/val": -1.0, "Validity/val": 0.8299999833106995, "Connectivity/val": 0.1927710771560669, "Uniqueness/val": 1.0, "Novelty/val": 1.0, "QED/val": 0.37846965484757156, "SA/val": 0.583125, "LogP/val": 0.10732375000000033, "Lipinski/val": 4.8125, "Diversity/val": 0.9053652882575989, "smina_score/val": NaN}