{"SNR_weight/train": -0.005734581500291824, "SNR_weight/val": -0.04985238239169121, "_runtime": 4368.815641641617, "_step": 277, "_timestamp": 1757680930.9485016, "delta_log_px/train": 0.0, "delta_log_px/val": 0.0, "epoch": 27, "eps_hat_lig_h/train": 0.8000584840774536, "eps_hat_lig_h/val": 0.7961274981498718, "eps_hat_lig_x/train": 0.5763182044029236, "eps_hat_lig_x/val": 0.5527876019477844, "error_t_lig/train": 0.11689119040966034, "error_t_lig/val": 32.79696273803711, "error_t_pocket/train": 0.0, "error_t_pocket/val": 0.0, "kl_prior/train": 0.0015484411269426346, "kl_prior/val": 0.0015960539458319545, "log_pN/train": -3.086071491241455, "log_pN/val": -3.295189380645752, "loss/train": 0.07481101900339127, "loss/val": -7.230605602264404, "loss_0/train": 0.01481698639690876, "loss_0/val": -254.17633056640625, "neg_log_const_0/train": -268.93585205078125, "neg_log_const_0/val": -285.11865234375, "trainer/global_step": 11699, "kl_div_atom_types/val": 0.10706679801322237, "kl_div_residue_types/val": -1.0, "Validity/val": 0.8299999833106995, "Connectivity/val": 0.1927710771560669, "Uniqueness/val": 1.0, "Novelty/val": 1.0, "QED/val": 0.37846965484757156, "SA/val": 0.583125, "LogP/val": 0.10732375000000033, "Lipinski/val": 4.8125, "Diversity/val": 0.9053652882575989, "smina_score/val": NaN}